{
    "name": "root",
    "gauges": {
        "GFSX_Brain.Policy.Entropy.mean": {
            "value": 1.3322182893753052,
            "min": 1.3322182893753052,
            "max": 1.4177098274230957,
            "count": 50
        },
        "GFSX_Brain.Policy.Entropy.sum": {
            "value": 26409.89453125,
            "min": 26388.24609375,
            "max": 28581.03125,
            "count": 50
        },
        "GFSX_Brain.Environment.EpisodeLength.mean": {
            "value": 93.6745283018868,
            "min": 19.0,
            "max": 99.63131313131314,
            "count": 50
        },
        "GFSX_Brain.Environment.EpisodeLength.sum": {
            "value": 19859.0,
            "min": 18753.0,
            "max": 20255.0,
            "count": 50
        },
        "GFSX_Brain.Step.mean": {
            "value": 999978.0,
            "min": 19980.0,
            "max": 999978.0,
            "count": 50
        },
        "GFSX_Brain.Step.sum": {
            "value": 999978.0,
            "min": 19980.0,
            "max": 999978.0,
            "count": 50
        },
        "GFSX_Brain.Policy.ExtrinsicValueEstimate.mean": {
            "value": 1.8058842420578003,
            "min": -0.7202104330062866,
            "max": 1.8979575634002686,
            "count": 50
        },
        "GFSX_Brain.Policy.ExtrinsicValueEstimate.sum": {
            "value": 744.0242919921875,
            "min": -720.21044921875,
            "max": 772.46875,
            "count": 50
        },
        "GFSX_Brain.Environment.CumulativeReward.mean": {
            "value": 3.4702478408251167,
            "min": -0.7041708982145941,
            "max": 3.6732431647350205,
            "count": 50
        },
        "GFSX_Brain.Environment.CumulativeReward.sum": {
            "value": 735.6925422549248,
            "min": -703.4667273163795,
            "max": 778.7275509238243,
            "count": 50
        },
        "GFSX_Brain.Policy.ExtrinsicReward.mean": {
            "value": 3.4702478408251167,
            "min": -0.7041708982145941,
            "max": 3.6732431647350205,
            "count": 50
        },
        "GFSX_Brain.Policy.ExtrinsicReward.sum": {
            "value": 735.6925422549248,
            "min": -703.4667273163795,
            "max": 778.7275509238243,
            "count": 50
        },
        "GFSX_Brain.Losses.PolicyLoss.mean": {
            "value": 0.01802533057828744,
            "min": 0.01802533057828744,
            "max": 0.02986649244558066,
            "count": 50
        },
        "GFSX_Brain.Losses.PolicyLoss.sum": {
            "value": 0.03605066115657488,
            "min": 0.022432483034208417,
            "max": 0.05973298489116132,
            "count": 50
        },
        "GFSX_Brain.Losses.ValueLoss.mean": {
            "value": 0.13288252440591652,
            "min": 0.014836687796438734,
            "max": 0.2570122132698695,
            "count": 50
        },
        "GFSX_Brain.Losses.ValueLoss.sum": {
            "value": 0.26576504881183305,
            "min": 0.020570106618106366,
            "max": 0.514024426539739,
            "count": 50
        },
        "GFSX_Brain.Policy.LearningRate.mean": {
            "value": 4.311848562750004e-06,
            "min": 4.311848562750004e-06,
            "max": 0.00029685000104999996,
            "count": 50
        },
        "GFSX_Brain.Policy.LearningRate.sum": {
            "value": 8.623697125500008e-06,
            "min": 8.623697125500008e-06,
            "max": 0.00058425000525,
            "count": 50
        },
        "GFSX_Brain.Policy.Epsilon.mean": {
            "value": 0.10143725,
            "min": 0.10143725,
            "max": 0.19895000000000002,
            "count": 50
        },
        "GFSX_Brain.Policy.Epsilon.sum": {
            "value": 0.2028745,
            "min": 0.10297840000000001,
            "max": 0.3947500000000001,
            "count": 50
        },
        "GFSX_Brain.Policy.Beta.mean": {
            "value": 8.171877500000007e-05,
            "min": 8.171877500000007e-05,
            "max": 0.004947604999999999,
            "count": 50
        },
        "GFSX_Brain.Policy.Beta.sum": {
            "value": 0.00016343755000000013,
            "min": 0.00015862216000000012,
            "max": 0.009738025,
            "count": 50
        },
        "GFSX_Brain.IsTraining.mean": {
            "value": 1.0,
            "min": 1.0,
            "max": 1.0,
            "count": 50
        },
        "GFSX_Brain.IsTraining.sum": {
            "value": 1.0,
            "min": 1.0,
            "max": 1.0,
            "count": 50
        }
    },
    "metadata": {
        "timer_format_version": "0.1.0",
        "start_time_seconds": "1773755417",
        "python_version": "3.10.12 | packaged by Anaconda, Inc. | (main, Jul  5 2023, 19:01:18) [MSC v.1916 64 bit (AMD64)]",
        "command_line_arguments": "C:\\Users\\Admin\\miniconda3\\envs\\ml-unity\\Scripts\\mlagents-learn config.yaml --run-id=Run_04",
        "mlagents_version": "1.1.0",
        "mlagents_envs_version": "1.1.0",
        "communication_protocol_version": "1.5.0",
        "pytorch_version": "2.2.2+cu121",
        "numpy_version": "1.23.5",
        "end_time_seconds": "1773756784"
    },
    "total": 1367.3614716000156,
    "count": 1,
    "self": 0.005865699960850179,
    "children": {
        "run_training.setup": {
            "total": 0.07276990002719685,
            "count": 1,
            "self": 0.07276990002719685
        },
        "TrainerController.start_learning": {
            "total": 1367.2828360000276,
            "count": 1,
            "self": 0.9186291126534343,
            "children": {
                "TrainerController._reset_env": {
                    "total": 41.427226900006644,
                    "count": 1,
                    "self": 41.427226900006644
                },
                "TrainerController.advance": {
                    "total": 1324.895108787343,
                    "count": 55678,
                    "self": 0.8655968985985965,
                    "children": {
                        "env_step": {
                            "total": 1055.8299683920923,
                            "count": 55678,
                            "self": 851.6483433879912,
                            "children": {
                                "SubprocessEnvManager._take_step": {
                                    "total": 203.60060060588876,
                                    "count": 55678,
                                    "self": 2.958039805002045,
                                    "children": {
                                        "TorchPolicy.evaluate": {
                                            "total": 200.6425608008867,
                                            "count": 47642,
                                            "self": 200.6425608008867
                                        }
                                    }
                                },
                                "workers": {
                                    "total": 0.5810243982123211,
                                    "count": 55678,
                                    "self": 0.0,
                                    "children": {
                                        "worker_root": {
                                            "total": 1325.4761152964784,
                                            "count": 55678,
                                            "is_parallel": true,
                                            "self": 529.2611885886872,
                                            "children": {
                                                "steps_from_proto": {
                                                    "total": 0.00033819995587691665,
                                                    "count": 1,
                                                    "is_parallel": true,